1,92,24534,225,19521.36137174
2,109,12683,474,21215.617472835
3,108,6670,202,36991.632374012
4,39,24659,536,32822.815512393
5,141,11611,768,31468.591480384
6,81,15414,774,17086.015385833
7,29,11891,583,17340.204045805
8,114,8899,299,38203.096450599
9,73,12823,348,22342.517591433
10,138,18406,80,8868.2381809876
11,40,9137,207,4780.7288648345
12,106,16837,534,794.08006462438
13,17,10580,576,29097.669657195
14,2,19005,264,14969.655596578
15,48,21055,535,38212.188454805
16,136,2609,617,12356.273183181
17,82,20423,121,19239.098443591
18,142,20000,735,24115.478168177
19,143,24792,754,12603.683846506
20,147,3288,401,26201.68774195
21,57,23540,407,39663.296802239
22,6,16219,374,6708.2535619981
23,47,11323,227,11341.577096919
24,107,10628,387,16830.981095716
25,122,24042,256,14244.778037628
26,137,18002,445,24520.178153699
27,112,24927,744,12398.448126587
28,85,21453,436,8571.5168622305
29,59,3758,603,21896.406785321
30,108,24257,297,9328.6617752645
31,107,3713,613,37628.669941595
32,63,5663,672,2830.6076162853
33,120,12169,544,35356.844107995
34,88,15311,161,2389.0800680729
35,60,10865,782,38461.796003112
36,129,18944,697,18166.647186856
37,44,9478,722,7085.6317232158
38,57,15938,534,1803.6442952514
39,28,2685,519,5884.1374585222
40,119,16889,399,39294.039295753
41,82,10074,100,26976.252448848
42,116,23969,472,35229.395486681
43,81,16351,740,33349.875946754
44,138,15343,791,31494.305178808
45,95,7371,222,35556.325998816
46,145,8333,479,26007.640734572
47,106,13440,635,20926.477033639
48,74,16935,204,29927.841589165
49,127,13531,591,9847.1081005121
50,107,3157,754,30280.193208503
51,124,12578,403,35617.743733316
52,130,11181,282,7005.0587930353
53,118,19626,202,30366.916237176
54,66,20680,636,6173.0775868945
55,63,23659,301,2058.3971862431
56,102,19662,217,9651.078095422
57,10,8955,539,39308.706171418
58,17,6256,746,17194.159801387
59,72,18416,474,37871.420105217
60,128,7619,90,8471.3264380198
61,88,24928,465,7599.5010981062
62,123,20344,276,3250.5548178353
63,67,3758,723,30154.39438234
64,39,13270,635,31029.819086544
65,109,13670,220,16040.934973193
66,18,21394,359,36949.746588204
67,26,3900,457,8334.907860266
68,75,12849,221,33245.295898281
69,17,24157,274,23886.25262223
70,66,9649,785,27262.049478604
71,13,21198,683,27151.576621156
72,6,11960,283,30312.90812594
73,143,4170,780,15098.25369438
74,131,19029,691,4097.7661581656
75,133,22623,378,2844.6403433431
76,18,14282,578,24761.775190283
77,147,8211,752,20849.913890879
78,91,20678,623,26985.188317947
79,104,18375,596,24894.615237988
80,84,10410,459,9195.72084822
81,49,21852,409,15076.870815802
82,99,15938,206,9308.2941380523
83,43,12722,716,189.84765185862
84,52,22039,616,36806.591091632
85,117,24565,271,32072.455099467
86,104,6333,221,31416.112720075
87,79,18618,489,5548.0515839492
88,18,6997,388,24618.473224141
89,52,10130,252,19188.762132248
90,76,11455,243,5386.0282365482
91,136,8475,153,7482.3246133405
92,16,15160,576,26568.752000786
93,31,15660,172,2684.6622714584
94,37,12015,530,3605.7529925803
95,37,19635,642,28498.152070199
96,9,7872,538,5858.0879460891
97,29,5191,129,25216.918830314
98,101,6067,433,5636.5159596663
99,57,14035,113,18118.828234813
100,45,5151,247,8691.5200414045
101,66,8422,529,25227.335022625
102,95,21927,203,36299.456970975
103,149,19094,150,14422.009362261
104,102,14311,456,34672.876256653
105,116,22682,429,8704.3408183594
106,96,3387,514,15192.078456735
107,17,9433,233,35874.438516542
108,121,3035,88,18374.789409169
109,22,2974,288,23181.672346049
110,125,9812,318,30989.48155126
111,24,7811,682,34052.580324779
112,131,16800,139,20503.486380937
113,53,5109,769,10459.95887678
114,67,15912,181,25677.791757808
115,11,8094,159,6127.0817613044
116,3,8619,539,7239.3304503312
117,55,13076,682,10370.528253155
118,23,7687,122,5814.4223986918
119,148,11849,697,10981.075481577
120,51,4711,462,3406.7081891827
121,105,12719,211,3438.0356341447
122,120,5869,684,30114.89273879
123,117,24362,307,24133.390095903
124,52,11904,731,36562.349535047
125,42,1300,561,3099.3256852318
126,42,14520,486,703.77949711677
127,61,10144,112,20818.830040365
128,18,11353,444,18768.180477076
129,97,1783,663,20306.191086036
130,64,6673,376,35916.725044338
131,114,6334,344,36634.806446171
132,120,8240,397,6187.0745215986
133,142,16410,684,24959.111444802
134,43,18986,196,11552.53807305
135,65,9814,555,19218.536950888
136,63,20356,301,22302.224695133
137,59,20652,252,9317.9767895141
138,80,21026,246,16771.316757932
139,132,10443,586,21120.933765067
140,2,5921,157,37047.602361337
141,40,20251,679,16682.239637069
142,129,23006,618,5452.6700428758
143,67,8880,619,6913.1837713354
144,81,18144,673,20268.141979351
145,23,12495,548,10430.766680227
146,115,1880,115,18528.742035975
147,109,18469,687,16973.037300084
148,51,18936,793,5042.6737406753
149,122,2110,541,21871.612531026
150,20,4840,255,23593.000576222
151,12,16740,268,20134.899219386
152,134,21615,423,24384.017994127
153,63,5453,670,7807.4619693624
154,7,9501,647,16741.748487422
155,120,1613,120,14682.898195156
156,21,12567,394,13066.080598778
157,67,14348,328,25616.740240123
158,4,1940,343,12000.459439366
159,65,13438,771,16945.896473689
160,90,9016,775,14063.256614528
161,131,21847,257,4400.9401440905
162,135,7012,332,34444.836909513
163,102,24043,306,6123.2373054244
164,118,21746,246,33660.889632558
165,4,17683,788,32358.370465216
166,104,6865,357,33104.05337035
167,38,16650,338,11681.071946243
168,64,16822,585,14355.805893359
169,128,6988,166,30432.607023668
170,2,16832,581,33211.888577123
171,48,20524,143,1282.7511515251
172,26,12087,759,24548.254967457
173,133,11715,604,13380.72519675
174,17,14825,80,20503.25324234
175,73,19107,526,9849.0139233986
176,46,19245,786,31294.466865739
177,64,20467,454,34412.603192841
178,74,13531,397,33928.032560173
179,78,20162,273,903.78177987798
180,13,19786,720,36756.107134008
181,56,3010,604,23711.62570066
182,47,7922,199,1932.2071716548
183,24,4690,89,4374.9464226212
184,2,23240,668,10258.908417616
185,6,22309,307,7559.41132425
186,28,8246,172,6473.383119308
187,135,20978,330,24168.932039635
188,135,4366,447,31632.04914593
189,97,22211,302,16955.084877687
190,61,5817,688,10496.197277196
191,3,23025,201,32698.234010009
192,10,15383,521,31882.949571444
193,55,1037,438,33410.57065685
194,100,1926,324,32174.081698657
195,116,3337,560,5776.2848134754
196,130,14075,587,37982.935541976
197,54,15055,687,35483.275114499
198,98,3262,276,2653.1360613253
199,14,21319,130,23948.818703381
200,65,13551,634,22777.55041554
201,134,4016,522,38764.255377637
202,76,16169,723,24986.841370932
203,56,15705,431,26324.297358593
204,108,3937,123,33850.686905802
205,79,5815,137,7085.3157861767
206,34,21700,692,19550.039385701
207,104,2100,766,37785.621495745
208,43,5028,546,9914.2603026675
209,82,11557,526,6967.5884621629
210,62,14693,663,22985.386645805
211,88,15109,471,11365.225820539
212,53,11135,682,8856.1537853383
213,128,22569,110,12378.609150584
214,138,20813,611,19642.084499367
215,45,24015,766,14667.416341316
216,90,21889,291,5862.9109154879
217,106,21547,403,38044.555726617
218,130,18342,193,5180.6490661873
219,114,20199,391,10723.097397211
220,61,19157,175,13954.162998821
221,44,9532,779,17084.352466745
222,93,11403,739,20112.868423956
223,10,15623,261,15019.814057886
224,3,13740,203,17980.526135629
225,61,6144,312,387.62932323009
226,116,15470,311,9156.2917089566
227,117,11068,186,25733.376614122
228,140,15853,248,2911.88808766
229,107,5829,441,39292.031205378
230,111,6930,604,3757.5578411706
231,64,12929,660,16976.180295732
232,35,10683,214,25512.532591413
233,146,9686,776,34588.112175328
234,3,9211,721,26831.854997065
235,48,8934,559,13017.125988698
236,30,2389,732,37889.668670094
237,103,17834,484,31094.191579502
238,3,23571,659,3681.2129759867
239,68,21332,655,27141.947827929
240,81,2624,137,33535.70187786
241,97,2398,347,13405.556106595
242,125,9015,251,10141.460421486
243,27,18279,553,12900.24617406
244,121,12132,386,1261.5022146078
245,65,5303,248,37763.874803951
246,26,20309,150,38721.439420033
247,8,15718,775,26103.961125447
248,55,20804,212,28846.685471338
249,84,11931,332,28432.649005738
250,102,9649,330,24162.840890231
251,133,6138,542,38429.520215934
252,51,1780,148,34206.132717023
253,0,2464,82,21728.407275516
254,113,12329,650,36667.226846832
255,106,14297,622,15133.529835467
256,146,16801,392,6630.2554906626
257,85,1698,385,16636.22238432
258,143,14862,560,15667.560118696
259,102,17947,159,14420.614707243
260,72,16343,211,3971.3724130499
261,13,16486,453,1918.8652636517
262,76,5715,469,13949.150570256
263,22,19100,415,26422.906595055
264,48,18887,349,9680.6459064457
265,61,15117,570,33785.105845453
266,54,11692,140,473.06315094843
267,116,14628,520,2670.3622807327
268,113,9583,338,33494.228739532
269,81,5313,127,2004.8291358713
270,84,5873,119,9030.8549031941
271,69,10392,792,36197.813118163
272,24,11103,598,30831.219098782
273,61,13997,422,6632.9928335722
274,137,2050,308,33419.78644842
275,20,7760,311,9466.6718035064
276,148,6253,191,38419.368376092
277,12,19396,311,18312.285231761
278,149,5307,348,26878.496393698
279,2,13117,423,16599.320847044
280,73,4808,768,31725.059775753
281,123,7629,740,37906.526294928
282,48,23567,506,30485.578899036
283,34,18229,293,19804.851688928
284,69,13365,585,37258.271971312
285,104,14181,690,24716.770251771
286,19,20433,766,21635.581523107
287,62,23415,407,32780.31158902
288,23,4987,490,27096.088126357
289,16,6295,415,18722.736889283
290,149,22368,380,18979.207235545
291,29,16274,734,22232.051256488
292,61,9685,128,28534.136345901
293,43,6087,299,32100.716409903
294,93,1648,104,21482.332752114
295,1,21586,503,24095.040251892
296,33,4382,133,32111.068024554
297,129,4336,387,11772.141388672
298,100,4674,472,16786.815155322
299,85,5603,455,30008.86395064
300,77,22182,400,33067.749048163
301,66,16219,695,24259.087500443
302,82,5412,488,422.33581991293
303,1,3392,253,34687.941875435
304,26,12374,771,166.5594985102
305,64,12564,302,17530.598747287
306,63,10160,684,29578.71553899
307,84,14003,122,6731.8687822032
308,2,2532,680,23828.956572499
309,102,13681,228,35263.118798433
310,57,17417,786,36780.578106073
311,110,6453,723,13606.514397284
312,134,18270,587,3209.376801977
313,113,24768,322,26797.179207488
314,113,22355,739,37745.853895098
315,135,22427,203,20913.714230926
316,11,15273,387,2509.8344605367
317,52,24962,531,32352.649693883
318,108,3695,404,27082.391594155
319,43,2254,347,26646.727776771
320,103,7256,222,9500.1204636702
321,100,15355,235,19896.055105313
322,105,14278,602,18933.772864395
323,150,2267,529,9724.5179435007
324,38,1186,112,36770.047673848
325,80,5137,681,13829.389875286
326,26,22742,80,281.25661112135
327,148,22718,97,33244.468806216
328,115,12223,594,18134.13184049
329,13,14858,222,4924.9284413566
330,71,10491,213,3352.9147355868
331,149,16772,724,12341.929297731
332,10,12144,259,11895.406194522
333,47,23129,389,20250.779455897
334,105,11265,506,19394.108090737
335,149,20488,186,17180.778125696
336,61,21185,239,24448.486401352
337,131,13371,779,13341.882891835
338,15,20843,547,26509.88768314
339,145,18794,687,8740.5697978378
340,54,23597,94,397.06317534792
341,16,22861,584,39165.539749293
342,135,16374,634,11548.567781832
343,56,1237,355,6738.3017300934
344,95,4821,763,10838.642630388
345,31,17358,414,1211.3507042766
346,129,18365,317,7221.3586528567
347,97,7904,512,38910.464764097
348,97,1873,469,2510.7547251531
349,93,3740,653,23344.788235707
350,119,7343,484,27606.727868247
351,76,2744,310,26298.381053227
352,89,22733,138,13727.02996573
353,0,11173,436,27646.508503166
354,73,3630,526,22229.824693362
355,109,15725,369,9050.6697919511
356,9,18671,611,26621.80055601
357,101,21291,310,6252.9670348373
358,43,6312,301,24762.343719409
359,63,5501,687,24077.685132864
360,26,19950,165,15797.726508419
361,75,24880,405,31528.59443247
362,13,17898,385,15855.88862098
363,18,13619,674,4728.3724743791
364,55,20545,546,8634.7505082715
365,7,18502,247,7112.5637723322
366,113,22720,504,20618.880371344
367,87,10091,592,8111.0796800219
368,145,18608,332,37256.098873898
369,77,24268,409,33019.972408631
370,146,10017,724,38304.687573888
371,123,1811,586,6817.7007006181
372,135,23031,794,9346.3723431058
373,37,22147,321,9785.4985654001
374,142,20137,163,33608.193215311
375,94,1042,107,20976.882924634
376,130,2279,284,12754.871982089
377,98,3563,477,18826.099701801
378,79,8605,781,18454.139514418
379,44,16008,289,21717.949808419
380,112,3799,308,3987.2553495036
381,101,19606,426,32162.508697021
382,8,16785,298,24073.38614156
383,83,10164,686,22804.217308875
384,34,10249,526,22961.938992351
385,9,12992,395,15253.910475297
386,132,1542,101,38981.356752132
387,58,2773,420,13225.704075339
388,16,19878,606,7920.2828199369
389,99,8450,156,5739.9594961905
390,58,18700,421,33924.629659923
391,111,15162,555,27651.410559667
392,135,21723,719,20822.59094238
393,12,10825,753,14311.735421101
394,107,18693,350,32910.180025028
395,64,4833,599,20286.541501253
396,32,3770,687,7214.5656966415
397,131,20753,746,11573.218822614
398,72,12338,687,15854.103154935
399,115,1913,775,37943.301972156
400,122,24453,758,21632.589473076
401,0,4981,679,13882.91776003
402,106,17516,321,28813.299446567
403,87,17506,213,27393.396318239
404,145,18639,779,30720.773094694
405,78,15095,174,2984.4536961006
406,139,15331,661,38547.475241537
407,79,14642,507,18019.026976475
408,83,17895,249,4407.7526518983
409,66,19980,166,12598.915644265
410,85,15995,631,26569.845699619
411,109,9911,467,35381.429679036
412,69,7294,357,33711.835449315
413,31,21128,112,25814.827819992
414,91,21267,240,37631.961183917
415,146,6560,139,2649.2928137123
416,125,20711,184,32400.470800428
417,97,18943,576,9609.8372899396
418,142,9752,324,570.41583371795
419,70,12012,150,13722.696132072
420,92,24970,657,18970.024783895
421,141,12886,475,19179.729075031
422,64,11002,787,20820.019764453
423,22,9587,298,7879.0231496692
424,94,19849,631,24152.311082532
425,37,22056,626,36310.394577594
426,38,3508,96,29700.833947111
427,75,18567,408,17512.320837474
428,121,21042,580,12295.611019092
429,97,7914,195,24295.017918751
430,24,19654,623,30310.887393874
431,106,10104,744,11390.433522138
432,122,20589,326,19700.285652638
433,7,18837,626,22885.952908592
434,104,10233,627,29672.468997702
435,89,3719,174,33957.764145683
436,43,12943,733,29880.466256482
437,149,15692,157,37061.500399068
438,18,13457,263,3387.8069491489
439,125,24511,483,36054.052845742
440,145,2969,600,7016.0503697118
441,83,19141,377,37877.402920469
442,31,18547,237,28823.522723979
443,68,11990,369,33958.142560038
444,53,5850,422,7819.1124678325
445,89,1065,127,17656.387310143
446,42,1811,303,12561.842063582
447,99,21686,212,11684.616808012
448,72,6543,596,12531.241888767
449,47,11776,87,16223.826988098
450,61,10579,457,36610.81182126
451,4,14308,698,11983.007022433
452,108,5422,155,38638.227229219
453,56,17327,377,6356.8558153285
454,51,20871,356,26136.617715843
455,2,9935,440,29953.990613115
456,66,2334,285,37883.941985439
457,76,24918,664,28499.406622933
458,61,7129,189,9707.0534705282
459,95,5225,784,16806.598910541
460,37,18809,324,6523.5111659654
461,96,20377,244,11060.889489149
462,15,3401,757,34187.544248607
463,53,23664,658,25532.108084235
464,83,15329,80,31312.207706587
465,65,2837,209,29979.910349159
466,99,4970,522,37793.299674641
467,150,12212,616,114.36060781683
468,117,20989,444,10380.402098596
469,115,13975,376,35210.429307902
470,140,22442,323,11537.707499426
471,139,16880,619,39004.433781781
472,122,5585,119,6952.7870555484
473,132,11315,306,11661.356688191
474,93,14304,753,6152.6162633338
475,138,8304,714,14226.711766071
476,127,19212,559,25551.73005844
477,23,14115,670,31391.84687976
478,5,8783,735,29588.719483219
479,56,16186,668,13389.404998795
480,131,3958,277,19413.568172276
481,38,12048,452,7284.5117997426
482,62,14214,531,19631.980610427
483,141,13590,268,2250.594211256
484,148,11294,501,23078.173346906
485,139,19819,345,35861.575052624
486,46,23115,143,36412.434923083
487,4,1889,131,39714.076626214
488,75,2830,174,12554.391494115
489,25,8646,672,5367.2776460065
490,114,17630,491,32680.184026931
491,54,21241,220,15423.50190571
492,92,10495,411,18158.997219961
493,121,12069,342,36182.419038119
494,75,17833,346,18968.098087157
495,61,15729,696,16441.941331736
496,9,20165,499,23054.269897343
497,10,8159,324,34616.536260031
498,146,14981,735,177.05964464461
499,121,7637,209,15138.347959435
500,107,18327,302,4857.8265224409
501,26,3576,664,14917.299221838
502,120,7492,110,13196.005568304
503,127,21302,279,1345.7523331562
504,6,14098,724,3996.6817333121
505,80,22112,459,36783.312036422
506,43,22376,177,5664.5349123799
507,145,13284,157,10782.283060349
508,39,3276,457,12193.190923352
509,65,14094,310,4898.1019008017
510,129,24440,518,18548.82961027
511,53,24608,726,25338.29129462
512,73,11286,775,36214.850644103
513,135,24573,342,30647.372085022
514,142,2448,391,3852.0426555192
515,71,20954,282,32475.019375314
516,132,8067,601,4146.8000198344
517,119,21375,276,35799.5752294
518,65,24021,725,32946.093323447
519,100,5118,778,3325.370726559
520,132,18728,409,37411.529451602
521,126,24296,182,25109.835251891
522,63,21529,339,17204.335244775
523,138,14497,523,21182.817525642
524,67,8920,776,18237.549554429
525,118,9417,472,25603.659854701
526,85,2991,354,1308.4130149768
527,64,18583,550,11379.24108518
528,118,7820,116,26116.272569772
529,120,10381,125,5586.9395543711
530,43,22083,590,35766.259919019
531,141,12777,487,2193.6199919589
532,98,18196,556,19235.775580284
533,113,12029,427,21976.050670771
534,42,8185,347,35793.795013403
535,92,5576,254,36149.763910325
536,51,13181,88,29444.097969199
537,135,12942,468,11603.845534725
538,66,20582,421,38797.450248647
539,8,24027,293,34695.460226016
540,138,15081,87,26320.886734287
541,49,18061,461,26567.476155021
542,75,17957,167,1018.2034702697
543,93,10187,406,27071.577849863
544,28,7386,462,18055.764679855
545,4,24401,413,5625.0868624605
546,126,15902,608,24666.583221004
547,55,17578,351,32532.933074765
548,54,19939,421,20491.744533682
549,2,21659,771,7057.9620166277
550,25,6699,181,37663.781474932
551,34,2421,239,26064.532168524
552,11,19879,412,9151.5289267423
553,120,23862,769,34253.544274181
554,106,13702,735,16053.996208647
555,142,14776,235,5185.210415204
556,26,8845,692,19076.701013613
557,96,11580,351,35507.388021001
558,131,2221,444,26387.67052089
559,108,5887,547,1265.9643709296
560,76,7490,619,39772.132782435
561,7,6169,101,33592.596465467
562,88,17580,379,2853.8483380284
563,96,15194,398,33912.13615227
564,45,16753,549,25306.213086311
565,139,24330,778,8660.5017115059
566,81,15209,494,12547.777159014
567,66,12574,412,436.81280808773
568,35,6313,268,17071.78854911
569,150,22964,648,38592.380793672
570,13,7936,269,7637.3134065358
571,52,23908,594,35163.663806955
572,94,16098,682,8120.2249716398
573,22,8180,677,6082.0487560086
574,3,13961,554,9823.4110972304
575,60,10460,473,1376.8300323543
576,36,21284,619,9118.4069282106
577,104,11199,543,23349.205136536
578,127,19593,474,4524.2556904266
579,3,21900,709,29484.966369102
580,46,19602,308,23118.201758201
581,31,24532,634,25270.371340241
582,134,9508,111,37785.375459843
583,116,9249,664,22381.89489791
584,72,10704,140,11006.08583811
585,107,12560,630,12887.296410244
586,89,15196,393,18220.857704566
587,46,12154,190,28448.613560587
588,38,6644,682,10243.618991081
589,57,11748,791,10632.273336422
590,9,7904,763,22791.294963539
591,78,18144,716,11245.751847102
592,5,2112,314,10603.689339433
593,7,23406,249,35623.69403951
594,43,15989,174,10651.358118851
595,15,1945,708,13848.020240036
596,87,10878,556,23072.8141173
597,103,5439,584,13189.211737541
598,138,14815,760,30878.097353196
599,86,7544,500,11709.913319889
600,125,13003,249,21584.493796392
601,139,2555,161,36189.99741716
602,103,3438,597,12085.078969053
603,50,21140,426,29447.39458966
604,16,1426,571,36492.96183854
605,41,7847,795,29241.25874169
606,13,4157,575,4220.9609788923
607,132,3834,205,31573.949975736
608,79,19602,523,37650.868572832
609,2,18527,590,32943.700220702
610,148,24166,411,37502.218814855
611,130,14304,506,9049.0476309198
612,45,12357,394,382.88370185578
613,8,24533,600,9351.9941271315
614,36,21560,228,27677.199939345
615,68,21252,779,514.22402843872
616,28,10632,261,3297.4908935589
617,43,4766,618,22592.668360838
618,92,22005,261,21746.08470662
619,117,2486,411,20749.828219773
620,45,1540,463,21170.198460344
621,126,12255,629,6445.3577820058
622,3,21551,231,24614.847352935
623,5,17647,224,36323.126616082
624,35,13957,212,245.2775639478
625,127,23897,560,37266.950306581
626,47,11367,156,6682.0492250629
627,111,19719,695,28524.01814786
628,50,11193,705,34380.558208112
629,113,18411,592,15345.402885139
630,27,11434,715,2662.6077017918
631,83,10992,390,27946.05589236
632,110,10140,694,27887.969514083
633,92,14746,551,9546.0455564294
634,106,7008,552,24877.584093315
635,73,11401,610,15303.600933941
636,19,17017,669,18223.939124334
637,50,18909,644,4106.9968824595
638,129,11503,303,8266.0604691142
639,55,15119,547,12972.303741864
640,99,20241,559,37671.112133087
641,65,11671,174,18123.949305184
642,10,24946,498,10969.028062644
643,30,15007,378,7074.8067654879
644,19,16456,402,9153.5704044039
645,115,17509,786,30103.88149259
646,20,10632,699,11037.81652775
647,39,4505,785,27233.711389222
648,72,23511,336,36899.759468773
649,75,22617,612,39997.93342048
650,48,13413,609,25530.713997948
651,69,15846,365,25712.454223455
652,35,10232,386,5576.9007070168
653,14,8836,564,15577.52917929
654,136,17384,794,15873.955884664
655,63,4051,528,12615.32987993
656,29,2438,595,8903.5990997674
657,140,11152,98,6318.0688531964
658,10,5362,483,5062.5989621866
659,63,2476,382,34019.74447009
660,12,14146,143,14167.451328587
661,123,1034,258,38547.089653357
662,91,24924,292,19019.609427481
663,80,10321,564,16071.998739996
664,67,6132,312,2930.8943372402
665,85,17671,763,27344.191293789
666,11,18328,357,37833.443418098
667,36,1639,603,30001.101422325
668,134,3605,104,36628.159732093
669,150,19367,414,19684.356569629
670,140,20723,580,31706.300919035
671,24,9076,208,33897.516558508
672,95,18674,797,23128.619396676
673,58,19119,184,11357.568495893
674,30,17446,258,34880.792204247
675,47,16442,430,6996.7829961817
676,63,23842,123,34704.722440777
677,40,13994,784,32972.27246129
678,138,7060,775,31642.993992009
679,57,1798,382,35906.88314591
680,127,10132,663,33965.180087098
681,114,15882,294,30206.707735271
682,133,22973,778,20987.64743488
683,49,6266,722,30227.317061128
684,104,12153,398,27791.756396914
685,89,17381,523,38432.970783576
686,48,24256,354,1910.2661360903
687,50,24209,546,19962.11751853
688,122,18924,141,5248.1081879893
689,137,16895,641,2169.1533124916
690,76,15974,529,6641.8993666868
691,140,11099,82,21343.905325073
692,114,6279,759,17292.537563012
693,49,6407,304,23553.145202079
694,147,3352,379,38513.420000401
695,146,8233,157,924.01966307801
696,78,24372,190,14370.670371038
697,36,8579,675,9019.1062176855
698,8,5435,572,12888.860456
699,135,4590,669,1725.8593002346
700,68,23336,427,3607.8964145893
701,77,13083,161,31053.844484797
702,21,2388,177,22904.810931521
703,86,5953,523,13310.830951729
704,140,21911,158,35279.098719258
705,25,19597,280,25901.771708338
706,9,9151,631,2113.7004491807
707,22,2164,734,22955.398454388
708,16,14296,227,12533.643703381
709,70,16411,317,16525.492354565
710,68,5401,321,28804.583141727
711,110,21640,382,36989.097259603
712,55,17361,658,35310.925843267
713,43,3790,668,35928.530744744
714,130,8623,416,32613.427848878
715,122,12604,473,15612.716608829
716,23,10502,568,2419.5707648244
717,105,15518,147,6892.5117625165
718,28,1203,621,23689.530397618
719,33,6843,288,38219.451679496
720,26,4839,398,29997.191344843
721,70,13084,189,3840.0593369876
722,64,2443,179,16261.57391401
723,83,18154,81,1064.2598612785
724,92,23127,681,21207.459548604
725,29,19799,161,18172.429336877
726,95,1417,121,12348.971834057
727,52,23439,342,6385.6967569353
728,112,7812,682,32385.43171772
729,31,17688,456,21645.128805723
730,113,21426,190,11149.437144254
731,51,19251,109,559.53007957656
732,58,6007,652,23365.51510093
733,123,22490,150,32600.396143344
734,56,3313,469,38614.676872627
735,48,16888,435,5596.774706739
736,128,22395,203,34863.177683643
737,135,19725,667,34078.477413922
738,2,5773,89,36410.306305495
739,22,16794,256,15299.957459477
740,121,3631,755,13797.367405566
741,76,17759,485,18773.136879071
742,2,3958,440,3202.0573567033
743,99,11134,627,26659.344038741
744,63,13439,697,21123.795329244
745,40,6237,440,8694.8335545702
746,78,18034,126,37228.269625018
747,78,23231,140,16687.477309378
748,82,18225,206,25342.391448012
749,55,17001,508,12304.871524264
750,127,18169,255,20647.290711409
751,80,8134,195,13117.659278712
752,86,11108,469,8500.3608802017
753,42,19334,545,1837.1866119529
754,71,10999,521,351.14465002774
755,58,13956,680,30901.155218431
756,16,20664,522,18862.986980491
757,44,19654,482,15677.239308558
758,100,22095,683,5611.6718812609
759,104,1305,292,15513.685607804
760,1,9638,398,23349.639632203
761,138,16984,436,9092.5694512615
762,139,2565,423,19435.658970404
763,103,24884,206,6170.8366510941
764,92,11445,666,3604.4535582101
765,148,2523,695,17663.170229969
766,127,13661,651,18688.017871368
767,121,17143,91,31554.877913088
768,83,22775,98,31318.206134647
769,112,3345,271,30187.532655617
770,50,5096,461,119.60988432252
771,83,4431,160,21895.798513819
772,87,1751,664,27990.613502633
773,32,14687,187,27599.454976485
774,131,5404,104,31709.475561969
775,134,16303,384,651.9833065106
776,6,24718,216,5171.6625510891
777,11,21640,253,2638.0350397074
778,36,13521,191,25149.614509332
779,101,5980,682,23149.95480243
780,32,1918,733,30286.310000042
781,117,12807,641,37514.312545875
782,125,6477,539,5837.6239808558
783,47,9604,380,22329.818774413
784,136,12899,147,2549.9194542341
785,131,21796,435,13506.566856381
786,66,8704,216,3129.7815207805
787,70,9531,146,16527.855867727
788,35,20740,141,6185.9924350796
789,40,12211,793,15074.83513251
790,135,9796,115,3030.6311358008
791,147,2337,603,21984.615857552
792,131,4200,172,2109.3204705182
793,7,11313,561,2697.9731823372
794,7,18361,143,16907.34183611
795,77,4160,497,23801.589687317
796,65,1092,473,32263.706583515
797,10,20264,678,15524.918077427
798,13,16240,683,17901.282907963
799,134,18655,612,30324.099626926
800,34,18623,438,2324.7870889172
801,91,5790,760,28804.354127436
802,28,12197,370,14952.162033293
803,9,6119,429,34011.173408148
804,84,3088,321,218.39541890842
805,68,2375,680,5437.3179676403
806,14,12214,114,15449.697862379
807,98,7127,689,4696.8351433671
808,63,22814,743,29000.966335396
809,42,19511,606,28026.811938463
810,129,6775,712,16445.023983899
811,135,2329,343,34128.3717039
812,65,20304,772,39596.45030865
813,53,6560,664,21349.556082124
814,4,12814,292,17745.703127313
815,28,6827,450,14751.399643296
816,139,14691,693,36896.802482675
817,146,22893,153,34585.030505575
818,43,9857,329,23490.646372864
819,69,3574,356,26831.023560924
820,80,23082,152,18829.990768539
821,143,16781,730,23915.439983549
822,140,17875,590,18431.596317511
823,62,10259,236,24196.234025961
824,21,22852,575,23993.270542198
825,100,3325,236,15144.896154381
826,118,20446,413,6683.6994299392
827,96,24245,625,23061.814034923
828,149,7479,658,12317.950445826
829,44,17387,778,7355.2878024698
830,79,13853,377,9809.5517737425
831,101,8365,524,34156.835515916
832,99,4958,289,2211.2817826229
833,117,6781,563,21432.425072301
834,60,20699,482,9776.9844595044
835,149,11714,207,15022.648165861
836,114,14371,469,27610.295499773
837,56,22360,334,13270.805137856
838,1,23580,786,7132.2422338744
839,112,18137,422,39003.919587161
840,117,23225,564,13199.067938941
841,115,24102,616,11225.40705877
842,83,2545,514,26620.724019904
843,26,17460,273,8858.6722211824
844,122,8269,790,27646.779820987
845,51,5736,129,13892.501863639
846,17,22867,232,34169.354339936
847,10,6217,743,27063.632381504
848,19,2542,406,35696.310139989
849,127,15728,500,15473.88197827
850,100,6091,729,35065.287852625
851,42,24308,94,6813.2593699707
852,67,14501,547,923.75557822719
853,92,2355,364,21706.056336595
854,14,19177,755,18421.927007813
855,3,17975,529,31798.857485006
856,23,19407,95,15512.967808247
857,30,10851,757,36329.927532383
858,132,5276,157,251.30273937083
859,35,7177,316,15889.179960629
860,95,17204,88,8114.1273452444
861,125,16870,364,29479.393516947
862,5,5818,704,18611.759892786
863,86,20250,347,13823.51042065
864,88,2791,664,24925.308353393
865,64,1452,566,8497.8618652708
866,136,22391,219,10517.142601409
867,122,19102,136,10999.140051828
868,7,16198,208,7017.9980389417
869,138,7326,503,35696.827172598
870,106,3705,205,33854.453917979
871,40,21997,539,5907.6798380472
872,64,20817,470,30492.421127978
873,101,8836,444,6455.7143528742
874,31,7759,377,889.4896648546
875,19,7293,104,23815.753704017
876,18,10658,448,33418.558593359
877,26,4749,176,34687.661620285
878,31,8960,736,21159.854290363
879,95,24416,111,20643.497913931
880,17,10394,270,14260.7845046
881,85,15283,684,21145.788818918
882,95,17386,198,28058.746337781
883,0,23305,259,4040.1732455977
884,21,2546,684,39145.901663805
885,52,20097,319,4980.6185393527
886,119,17303,129,9965.8318378237
887,97,8175,237,16496.302249589
888,27,14398,629,3656.9510383134
889,80,10599,259,27693.037035209
890,85,14080,387,1928.0318695721
891,14,17912,798,1948.7366707296
892,77,23352,232,30730.286139576
893,43,21253,95,4919.9344180178
894,71,18792,677,2885.7619921015
895,8,4794,722,9722.9458974261
896,107,7430,352,26283.592536846
897,129,7868,736,30943.702704716
898,57,4522,738,19037.43150362
899,96,7551,768,5774.598071395
900,73,6025,736,8721.9881825758
901,15,21518,175,22600.178175805
902,103,15026,542,20774.139642963
903,64,9392,237,17039.281959525
904,99,7108,244,11645.531486781
905,118,22253,798,11558.454609277
906,148,22081,599,20883.150565866
907,147,3246,89,4585.9569893044
908,36,10877,800,965.75494931204
909,63,10317,754,20868.185892523
910,78,23739,192,17438.318603662
911,70,22735,341,18363.202812568
912,138,17635,567,10037.188949995
913,134,21548,765,22293.108934313
914,51,12706,668,30287.907190933
915,52,6173,488,22884.871702156
916,111,10530,308,20209.631118239
917,11,2833,212,7473.1342474184
918,139,20513,503,20434.299494087
919,27,21671,748,23681.671630702
920,14,19562,772,8221.4506036386
921,48,15290,411,25900.440224307
922,77,14173,726,19513.922732792
923,25,23081,107,28467.515860127
924,134,5478,131,7148.5702058992
925,133,2659,785,7456.7236807518
926,112,1034,741,16223.239093352
927,26,14916,784,27893.017362845
928,90,14290,136,16164.970932705
929,114,6925,564,4474.4582907114
930,30,11331,569,26111.746431769
931,73,5753,86,28512.903631306
932,137,15794,364,30952.34152961
933,129,24412,767,38262.659724556
934,121,2579,644,13780.351664743
935,34,8579,550,33907.126662538
936,6,21356,185,145.35585907973
937,62,9573,290,25913.22167538
938,19,5267,449,459.11257792778
939,29,23089,489,15236.566140114
940,87,6180,301,3754.2726327001
941,121,17775,561,3647.4082556755
942,136,21823,672,36645.898288732
943,52,24622,252,17152.202963231
944,115,20399,565,25371.029275731
945,16,6065,194,6732.153380597
946,0,8445,200,39562.731139195
947,46,13438,531,1463.7716918646
948,116,24907,289,19243.307479714
949,136,14272,301,38157.80565497
950,54,5343,265,10775.857093319
951,56,17143,486,21921.045848916
952,132,10722,681,10942.293952936
953,8,1418,292,23605.822017435
954,58,12978,675,8309.8654442214
955,2,14602,396,1111.2559173801
956,88,4467,94,30837.59321244
957,9,20816,758,5172.5783985543
958,106,13628,449,15561.05787627
959,41,16460,639,31253.664896774
960,51,9831,213,15237.29362332
961,43,2842,724,13551.430890423
962,4,12179,131,20656.322866949
963,35,20703,106,719.1235671031
964,66,3175,590,34275.894689078
965,107,15802,747,27072.102778605
966,42,2915,296,27590.009730756
967,82,11946,440,32212.276318323
968,111,7107,325,21541.385980598
969,140,8842,751,24074.573725951
970,138,11635,224,18770.649739218
971,130,23073,769,28693.351715019
972,48,24913,216,20598.198649549
973,14,10442,238,16514.808206693
974,54,12127,773,17377.556727023
975,4,4589,200,35902.429217707
976,16,8719,333,35785.628348741
977,47,9007,274,6494.7918665316
978,104,10484,399,11786.596388921
979,121,13149,774,7334.2479284046
980,73,3194,278,28910.615128482
981,64,1553,263,14809.567859049
982,122,24854,271,3925.016156639
983,88,24508,255,14974.283136896
984,14,15346,116,5513.8350186751
985,55,15936,555,22052.300491502
986,117,20417,461,2983.7110429527
987,104,1794,524,32615.264296897
988,17,9230,82,26879.526892781
989,0,16925,230,2106.8161658952
990,73,12124,476,35569.326238338
991,8,13826,383,24566.22356813
992,83,12631,462,34189.535844484
993,107,22970,624,24723.386667606
994,58,20657,485,1462.3500414589
995,109,17171,208,8932.2243623794
996,108,9453,667,6958.0342557817
997,75,14640,391,23933.157433097
998,23,24804,735,7986.1984716044
999,58,21186,498,20778.499433862
1000,120,20220,741,27880.171240614
1001,67,2145,322,18981.988424496
1002,1,5660,710,9433.317200712
1003,128,13748,464,19888.0505125
1004,33,24700,485,22469.403728844
1005,14,10731,667,2271.5766744867
1006,87,10409,465,11212.047556862
1007,1,21783,760,13624.006216687
1008,105,11535,146,34610.957373695
1009,121,18625,355,21673.305765622
1010,67,5709,166,6975.3792795997
1011,54,3697,590,27504.640068366
1012,26,21291,339,20952.910691848
1013,148,14513,206,37314.92620289
1014,105,21838,772,15789.644244153
1015,26,23774,201,19703.000065534
1016,123,3852,369,2819.3686923111
1017,12,24519,368,14792.969544564
1018,76,2376,211,39243.034536942
1019,5,7786,733,774.11011094154
1020,132,11405,419,34226.114603088
1021,24,19114,571,5057.047827561
1022,15,17004,695,16588.688945426
1023,128,8095,97,11817.181407412
1024,73,22530,522,25940.388619055
1025,13,17636,755,23081.873233108
1026,118,6620,164,14284.935103384
1027,140,6194,704,24775.211870624
1028,49,17182,499,7868.6920722944
1029,7,18705,356,23538.157927712
1030,126,2851,360,27243.331082577
1031,46,7457,387,9400.1392754362
1032,99,18853,476,9622.2599522671
1033,71,17224,779,32358.508716012
1034,113,1601,476,33919.522954846
1035,77,11809,428,9168.3605419604
1036,89,8689,141,26629.00095187
1037,35,11562,328,1983.2062525704
1038,57,16889,222,14273.837925798
1039,131,4167,248,2388.6293296611
1040,48,6554,106,17213.043605599
1041,79,1054,541,17717.982718211
1042,100,10059,667,1352.0584651987
1043,119,17947,525,26305.364121632
1044,9,8447,276,36109.909296457
1045,37,12917,501,14623.036158921
1046,85,17322,222,636.47412179783
1047,77,2914,701,10812.021523871
1048,86,21791,799,6465.4598170144
1049,67,22686,764,24158.504072902
1050,19,23093,475,33727.537815095
1051,114,11266,654,7857.4787756096
1052,65,3051,357,14867.148898137
1053,121,11613,547,24027.382667021
1054,56,12920,479,1929.2916202278
1055,110,7534,771,37982.697026381
1056,63,10334,699,13767.13872116
1057,69,17249,181,18201.130855905
1058,59,20042,418,22815.822185685
1059,18,8574,348,17759.893294368
1060,62,22982,412,21386.881667847
1061,104,8488,800,19360.488459283
1062,44,4043,561,32802.039822506
1063,90,19780,421,35677.389183145
1064,85,5764,492,35620.710339186
1065,78,1785,609,29773.249500414
1066,87,8445,154,28393.607663662
1067,64,10998,254,20677.064855609
1068,99,7293,261,21983.505708483
1069,32,18164,178,8783.9425488859
1070,77,3068,226,24602.513182766
1071,20,19307,311,37727.843767086
1072,25,18371,237,4879.4979433574
1073,56,16643,546,1677.2029851172
1074,118,1093,280,27984.181063984
1075,135,19433,704,7968.6416006382
1076,43,5404,394,17048.091831483
1077,96,13815,187,17754.130970577
1078,3,13480,771,29663.301670316
1079,4,22253,108,8079.5322698126
1080,99,22475,152,17257.24117589
1081,98,5700,101,31059.47860177
1082,86,2003,397,17870.327092413
1083,42,18569,281,29140.883401531
1084,21,14492,679,12456.609220649
1085,1,5613,171,12515.165393382
1086,137,9246,448,29917.861040985
1087,129,16473,412,29523.499982968
1088,109,16976,625,24588.658967198
1089,23,5795,376,31324.808430257
1090,47,4043,731,30910.595593663
1091,68,3426,384,34304.572589229
1092,119,4318,559,22880.968967336
1093,35,10705,552,21325.91574335
1094,9,12676,549,35095.570970808
1095,96,3920,701,33061.838859298
1096,89,8647,541,9039.6431422276
1097,65,2958,269,12738.103908394
1098,103,14395,347,21087.810035612
1099,16,20449,540,19944.603301396
1100,86,9889,365,9156.5658390886
1101,65,13895,563,10855.238793683
1102,72,21452,419,10432.844581645
1103,72,14102,533,36021.538060128
1104,144,19102,479,26511.276566816
1105,92,22440,255,18068.061935447
1106,29,3187,186,20976.78805471
1107,22,14696,220,39005.923967292
1108,7,10542,181,4289.0021525216
1109,46,24947,633,25718.769299505
1110,136,13198,337,32681.951417086
1111,75,24291,760,26930.926657533
1112,21,5052,656,13131.543869278
1113,86,10210,141,39522.12152504
1114,6,22847,336,19870.557498535
1115,27,8991,515,10555.368539305
1116,77,15967,238,9850.4568741625
1117,18,6699,120,7650.935764917
1118,57,20636,379,7608.6374907389
1119,3,1511,243,588.42506430925
1120,45,11128,529,34449.372602333
1121,7,4888,295,38388.835380289
1122,31,14818,522,17214.142966129
1123,76,9600,369,11986.023444803
1124,45,4946,714,25431.48542026
1125,66,3238,638,19397.521097271
1126,135,8105,466,38837.095830161
1127,75,17578,322,10383.614204964
1128,51,14058,351,8055.2160046049
1129,133,17424,688,11726.37677894
1130,24,22871,524,23572.59725292
1131,93,6562,437,33253.288693906
1132,131,23396,409,38359.095237875
1133,89,12655,638,24375.877132262
1134,19,5579,463,11024.931846936
1135,127,12920,305,12661.173104049
1136,33,2948,523,28820.639529145
1137,144,9339,491,11618.082392106
1138,55,19662,676,28211.584480273
1139,1,13263,529,14948.034030594
1140,49,10893,492,28836.700154908
1141,147,24189,748,11622.847861116
1142,37,23657,533,9655.9638063957
1143,141,13418,344,15051.789865998
1144,43,14042,598,27789.974819319
1145,41,14097,320,35975.798944862
1146,128,14595,800,27684.815647496
1147,28,15372,376,29454.494309177
1148,66,10383,183,21702.919084773
1149,75,5566,633,24688.272764167
1150,124,15045,368,14920.744809226
1151,141,20119,331,34783.743829093
1152,130,12999,795,9456.6105765472
1153,58,13470,348,9610.0717268591
1154,55,2815,481,7393.0548397078
1155,103,11066,640,36291.66326813
1156,40,19693,215,28135.300880656
1157,12,14622,715,26913.333761157
1158,62,2316,149,35663.869244261
1159,30,17531,772,12134.07364067
1160,130,4749,430,26451.082960828
1161,34,7009,367,19892.12129601
1162,89,24534,315,5581.146985976
1163,54,14156,306,5105.5835145309
1164,82,8962,178,35565.054389651
1165,104,2058,249,25901.915603117
1166,109,5100,529,867.65847007612
1167,1,7105,281,17138.471065575
1168,37,6485,167,14767.659301013
1169,88,20275,400,6818.2743592733
1170,107,9128,652,24514.574973274
1171,102,4430,537,29519.351203233
1172,113,1890,665,16671.686368672
1173,127,2587,164,22913.471039196
1174,135,15747,109,18913.150227462
1175,128,21172,379,14711.795946052
1176,109,24617,790,26613.178937215
1177,12,3049,275,35155.630922745
1178,13,6856,393,10932.486236258
1179,96,14101,401,11285.380538185
1180,45,14671,675,9391.2130868967
1181,47,12876,316,2291.7964740672
1182,137,16609,287,18411.411808056
1183,12,22118,489,35010.555138371
1184,150,17365,722,38194.963175305
1185,57,13515,382,16258.68922978
1186,71,19207,90,4413.7408570214
1187,16,13676,170,18557.315695836
1188,36,10258,566,23679.25751613
1189,133,6768,132,15322.060011262
1190,61,6663,407,34958.737165222
1191,69,8090,97,35925.434184333
1192,87,15689,183,21049.097251963
1193,116,13906,649,24101.236502601
1194,146,9765,365,16182.599876886
1195,104,11600,789,26699.118356359
1196,71,12068,544,10838.978079527
1197,127,13798,228,15927.824924186
1198,74,15305,472,5571.9273190546
1199,97,2815,230,20254.352471272
1200,24,2523,621,31037.049694206
1201,138,17836,124,23946.704103168
1202,111,9683,300,22883.013096539
1203,105,6881,546,39233.800599192
1204,143,20655,583,6380.3599715388
1205,70,5103,497,4963.6470928087
1206,141,6931,564,17962.594864649
1207,80,7282,414,3422.0915239508
1208,23,8287,494,2062.0445480412
1209,91,10258,415,21312.080849127
1210,25,9760,676,29220.286779976
1211,97,17693,601,5969.2372013553
1212,27,20317,382,7299.4136628927
1213,25,13409,547,3639.4839215855
1214,34,21884,127,5868.665429819
1215,107,22620,159,35702.492792645
1216,97,23928,671,19709.272700016
1217,102,7068,540,26195.635556852
1218,56,11356,799,6962.3581881302
1219,150,1525,335,424.30592152764
1220,63,19707,559,12940.435654934
1221,21,3758,89,33308.514602201
1222,59,9250,723,21877.56044548
1223,137,18205,361,6972.7009101663
1224,30,9858,320,20929.212388483
1225,52,15727,429,22706.914839219
1226,2,9755,141,10407.031580656
1227,119,23180,546,27042.71970292
1228,99,4695,530,28247.569440804
1229,57,17124,572,36421.043994247
1230,61,7454,515,10768.736824094
1231,34,5944,179,29878.538328526
1232,9,10956,297,38287.13039695
1233,57,16877,390,18957.382198899
1234,73,10146,579,20254.213884316
1235,104,11217,265,28058.010405912
1236,39,21103,382,27775.487250234
1237,131,20639,611,29089.311847817
1238,51,1427,150,30889.410452602
1239,32,22003,632,34843.993820735
1240,44,18742,358,8678.6472732476
1241,103,13109,597,21000.123278664
1242,15,1089,360,26965.785896535
1243,145,16996,531,24540.049245376
1244,126,16197,355,30057.973999076
1245,56,23502,404,2886.5262748674
1246,82,5339,771,38648.683970736
1247,22,22262,675,33501.861674802
1248,17,8883,507,13880.624335547
1249,102,3037,473,10713.297785926
1250,95,9657,770,38633.036158149
1251,110,8655,152,744.45773522998
1252,46,22508,516,24120.086144225
1253,108,14876,381,18503.692430803
1254,92,20341,192,334.53368969266
1255,133,18369,252,14351.141104394
1256,118,21789,210,37785.591904941
1257,99,20466,414,32143.432857894
1258,52,5484,271,9861.0927492643
1259,150,22188,261,37865.168761588
1260,98,20573,731,29894.319486553
1261,105,12890,202,21036.77076639
1262,69,1510,219,9688.2584522041
1263,34,13935,607,18819.201571201
1264,65,14876,635,7271.2295366308
1265,143,12542,376,39557.322459499
1266,4,21107,545,10704.857044363
1267,53,18215,554,16274.521340214
1268,1,6387,373,31561.297578682
1269,40,8915,106,24892.552271229
1270,145,1438,617,11857.103204597
1271,15,8041,122,32596.467430031
1272,94,23284,242,37025.799132593
1273,42,23930,177,21513.023106877
1274,113,23134,277,23088.306219211
1275,74,3435,771,31669.060540206
1276,63,6612,738,8897.5901861931
1277,139,11350,653,6651.4744133964
1278,68,23044,601,26055.855608097
1279,22,9202,126,25332.142927521
1280,47,18048,354,18706.249303255
1281,66,22972,289,19677.197588436
1282,52,21007,362,20590.662701577
1283,109,8536,405,37399.781236543
1284,81,5873,542,13602.964760946
1285,18,6765,266,6950.8803344163
1286,24,7663,731,30392.016573464
1287,21,17463,569,1478.3996460619
1288,146,3108,578,14430.183873695
1289,2,6238,460,15367.171641131
1290,15,5992,552,12143.52749018
1291,89,3134,403,24031.102069014
1292,92,21722,340,25442.531086554
1293,75,21905,621,7900.1613773977
1294,131,21905,345,4942.8422704717
1295,87,2617,581,10345.537701324
1296,50,2728,148,34274.874029833
1297,24,9435,723,19156.500082408
1298,142,14684,736,25918.208038105
1299,22,21099,224,38672.474688366
1300,47,11477,85,13964.638981467
1301,57,16085,211,22091.009677878
1302,57,11667,208,1160.7976821362
1303,113,13038,486,30263.136039417
1304,114,7162,356,23639.786167588
1305,84,18790,132,16199.126802791
1306,33,23089,146,24309.429974914
1307,145,22303,305,33245.655156629
1308,150,18057,275,30033.923851538
1309,72,20096,424,7367.8107377119
1310,43,23079,567,9496.4246047408
1311,39,6694,659,30065.689399125
1312,30,11331,130,15480.174200387
1313,88,9571,641,21977.418060912
1314,21,6284,240,20910.1148859
1315,89,24849,474,11520.790675547
1316,35,1069,480,2859.5832308434
1317,19,1736,665,19420.129751078
1318,88,19845,785,14214.781637781
1319,8,12928,690,37606.486648482
1320,138,7400,311,23981.006529581
1321,14,5203,635,10471.975475189
1322,88,24934,202,7464.4554483327
1323,27,8949,217,28251.649403305
1324,81,4624,480,15541.33050506
1325,142,6101,132,5771.4108023076
1326,70,3746,415,7580.0690039246
1327,61,5654,707,10781.387995132
1328,91,7336,666,25873.565650412
1329,2,10426,349,16435.715632622
1330,2,15752,301,11579.829797061
1331,148,4204,458,2377.3474677863
1332,119,12031,307,9428.6878235778
1333,36,22911,646,6298.7461450477
1334,135,12819,625,25921.267422783
1335,102,11553,259,13920.047466625
1336,87,13630,486,37999.506565557
1337,40,21953,260,1077.3350126266
1338,0,5428,221,5028.0767807694
1339,58,2920,161,28134.916406645
1340,75,14195,139,13871.368540842
1341,19,7823,722,23902.342818131
1342,78,12865,800,34651.463125574
1343,11,5963,140,31748.018378504
1344,37,5849,642,8735.705976775
1345,104,4698,672,13704.2003807
1346,125,15217,293,37504.898762828
1347,89,5303,284,38651.686929307
1348,109,8604,609,19509.701179229
1349,14,13379,283,17732.538390004
1350,24,23525,126,188.1697615447
1351,72,5717,534,7596.0484432061
1352,43,5050,486,33369.101214061
1353,21,17775,335,3839.2639396092
1354,75,13054,254,39368.596535027
1355,128,23392,739,3960.8992031019
1356,48,15081,251,27838.579730789
1357,66,22686,447,25710.061410799
1358,2,6287,139,27892.038301552
1359,30,11796,268,16308.03946335
1360,21,5426,318,20538.790113265
1361,74,2551,611,20984.642771996
1362,111,16449,206,28429.362812829
1363,150,1644,166,2264.7843980341
1364,36,9955,176,14644.330170365
1365,110,18716,624,1743.0025770612
1366,92,20489,544,6053.1125412088
1367,1,4410,492,9387.3334507371
1368,31,21622,536,17917.681762034
1369,38,13153,96,19731.944970726
1370,26,17458,693,27261.863913906
1371,109,4448,301,37843.983797094
1372,124,21668,488,5055.0053193485
1373,32,21695,216,1096.4871956982
1374,72,13086,232,36356.31275386
1375,13,10597,316,37072.219038557
1376,31,18635,178,34097.190592608
1377,18,23510,780,3437.473538031
1378,42,11270,344,12061.645876042
1379,38,24738,175,28457.074131951
1380,110,2449,677,33186.821039122
1381,30,17619,269,32605.40408175
1382,128,24381,687,34476.271344904
1383,12,17593,631,442.33107022326
1384,14,18861,518,22574.496406501
1385,63,17274,529,18908.628812148
1386,96,13564,253,34770.937496002
1387,8,1965,300,1921.9247295779
1388,145,1938,561,17378.27151695
1389,62,20342,254,38325.919794727
1390,138,16847,429,29885.817749103
1391,135,24121,163,25892.937474309
1392,70,16138,99,14089.872292185
1393,8,9246,110,12999.57626991
1394,103,1959,300,35008.343405906
1395,29,14556,344,27352.402182317
1396,95,19943,276,29919.296883352
1397,137,10353,432,7841.7794265473
1398,75,13684,694,28540.950662783
1399,88,15724,304,23877.969444124
1400,74,11271,290,26564.7875828
1401,27,3284,635,28756.503853986
1402,89,12495,400,5209.427099268
1403,113,1793,768,14779.316259989
1404,29,16237,771,38132.927014531
1405,77,16765,195,6539.0505457578
1406,96,11958,664,22361.167511259
1407,51,7815,466,1529.5710266292
1408,72,11615,490,30068.577478663
1409,17,10807,435,36492.117684322
1410,126,15570,140,16833.38678593
1411,57,11895,744,8030.5390416815
1412,115,1604,109,24607.938582194
1413,150,12488,317,7371.6699821183
1414,127,18310,84,21520.082836376
1415,15,6695,309,8253.9807632664
1416,147,18620,709,11092.445418108
1417,92,22133,557,22747.845157131
1418,67,6438,240,33957.81398445
1419,5,23870,790,13609.356483459
1420,126,15797,332,36068.098894266
1421,86,5799,170,36756.183499095
1422,20,9056,590,26168.106681793
1423,87,11692,745,19583.600295456
1424,137,24608,269,27993.696703152
1425,32,6609,81,29239.854348298
1426,64,21492,390,35058.113761088
1427,109,14686,604,30511.219741605
1428,79,15646,279,3984.7407358432
1429,142,20941,162,21627.071759934
1430,80,16569,606,30045.070630396
1431,66,21652,539,35788.97090474
1432,77,20626,576,4868.7200076087
1433,124,21267,294,32721.027109962
1434,125,14116,294,30702.56004815
1435,137,19331,233,21584.35528398
1436,81,1415,505,4170.6753968853
1437,123,24975,512,10025.199829894
1438,10,9745,147,13578.408331806
1439,110,14207,651,26440.127981985
1440,100,11003,206,33727.325482826
1441,48,10356,216,31126.774135207
1442,148,19822,466,25496.522876763
1443,27,3945,697,10954.077757674
1444,38,23177,256,12617.371748021
1445,71,7690,311,8701.4571424956
1446,28,3304,222,39020.389564389
1447,73,24621,167,31876.348842261
1448,103,6450,99,14257.452387362
1449,77,9155,676,820.37120647728
1450,140,17251,180,11162.469855813
1451,87,20935,146,32816.156955553
1452,22,24131,785,19371.951025764
1453,80,16833,482,26038.441449362
1454,5,4507,96,33122.214271483
1455,150,23597,393,32681.062078146
1456,22,9902,719,35976.548765519
1457,6,9940,527,25906.175714283
1458,80,10774,187,33706.258434749
1459,18,19969,446,30019.523138723
1460,92,17212,527,36094.140784908
1461,93,22381,600,37371.09070484
1462,53,15227,186,29930.185667325
1463,83,4957,570,30553.746992466
1464,83,19179,574,8462.6626542664
1465,5,21764,201,20877.665052829
1466,84,14246,501,25007.604514409
1467,104,16410,391,17356.57534032
1468,101,22683,231,35609.396598126
1469,40,17404,773,13919.966423712
1470,5,3067,352,33737.760362554
1471,68,5283,133,24443.788115714
1472,74,3651,391,31112.99879045
1473,124,10263,398,36358.939465149
1474,109,5645,237,9444.8421488821
1475,105,17595,173,37805.630366782
1476,150,18345,189,13874.761777028
1477,95,19547,344,15098.321084031
1478,121,22814,253,21250.04579323
1479,95,2693,113,2608.1501163375
1480,112,15751,290,4542.8516690753
1481,22,20131,323,11684.94343426
1482,123,10897,400,23309.117152172
1483,64,17839,473,11254.834283624
1484,106,13078,523,29158.340495758
1485,81,22369,258,2650.2869418644
1486,41,7632,142,22689.639836153
1487,26,22758,190,22784.975572328
1488,140,20349,157,39304.256297177
1489,103,3236,768,8819.92601821
1490,109,3191,162,36117.177267208
1491,17,10808,304,6936.8489238447
1492,141,6672,122,18483.290094702
1493,0,8719,632,7741.0630865723
1494,56,20617,306,38018.433446985
1495,119,8438,107,25116.953365238
1496,24,6300,320,37739.503855858
1497,44,19215,215,9990.1463885542
1498,134,4591,358,21400.636307873
1499,133,4366,615,15076.337611385
1500,148,10729,733,28073.091723917
1501,85,20751,591,14363.428754104
1502,57,13488,786,9352.4081436624
1503,4,20712,778,10667.814723393
1504,66,4203,266,33133.290371921
1505,51,20778,156,6241.1531160696
1506,7,1787,280,12005.925250976
1507,62,4508,689,23530.80476211
1508,25,7462,493,15043.996354481
1509,71,23018,655,39004.741414974
1510,40,20345,798,18144.719624438
1511,149,2362,387,38134.713139799
1512,26,23881,794,27620.475631201
1513,132,19429,203,2371.5284258491
1514,66,24186,607,20337.832064987
1515,30,14539,142,8828.0908973763
1516,52,12450,268,19707.643971161
1517,107,17525,269,2980.9084537764
1518,8,4002,257,14116.626257699
1519,75,13411,97,22401.418790011
1520,148,14148,402,34457.797735541
1521,25,12620,524,25411.524506016
1522,79,12698,700,36952.553367831
1523,134,1317,315,32012.042537985
1524,48,4939,774,565.22879569945
1525,132,5096,502,28389.998292249
1526,44,16865,520,37318.283691627
1527,146,12596,705,7663.3378541474
1528,68,13569,283,29851.163915306
1529,124,9204,114,19210.705194566
1530,69,23580,542,22168.748797378
1531,31,22771,253,27624.508184208
1532,74,19414,684,25370.895832971
1533,35,6077,726,26318.219675117
1534,14,12720,378,37417.050214324
1535,33,19430,264,23784.501310234
1536,75,18887,734,17512.467578302
1537,106,16549,91,28020.842182907
1538,70,2626,614,9577.963043796
1539,115,16772,182,18422.027561309
1540,137,19031,689,37718.793735856
1541,60,21589,117,35791.735849545
1542,120,12817,84,9419.9920734956
1543,29,21898,144,8909.6625605409
1544,147,13953,190,34605.103280268
1545,27,4944,198,32974.760773714
1546,39,7955,667,24659.536455586
1547,132,12871,101,32952.342999615
1548,101,9942,586,28193.679775672
1549,80,15432,264,38553.716398393
1550,135,12042,504,30741.159414996
1551,0,18569,234,20316.646519923
1552,134,17388,592,18074.656583412
1553,61,9265,542,11048.673118066
1554,127,4724,682,281.84621027041
1555,122,13425,340,17534.339095693
1556,3,13244,206,15070.441451938
1557,107,12784,556,8532.2156936474
1558,16,2657,491,36310.657817416
1559,5,16905,675,11021.035965009
1560,26,7939,538,27734.117650411
1561,30,4809,756,28339.812083298
1562,10,21350,323,3455.5487768889
1563,129,8287,534,22503.62514982
1564,107,24830,97,17780.037559924
1565,84,7793,482,32176.660493192
1566,38,3373,412,24037.836050383
1567,108,7669,296,32614.436604727
1568,133,14548,715,24615.82706594
1569,38,18241,241,27978.99220301
1570,150,13057,631,16693.797170843
1571,67,16964,263,8641.1590073284
1572,32,7885,577,16490.581896041
1573,46,2839,279,29572.166013338
1574,148,7591,749,16858.274715288
1575,67,4835,731,20188.237402014
1576,114,12119,427,2353.7147914254
1577,113,11923,726,9541.6734922896
1578,120,4970,351,17474.090336932
1579,90,21394,113,36304.844163545
1580,104,15940,138,31097.322917081
1581,17,8288,176,27381.646939627
1582,79,9564,449,14778.850948108
1583,133,15497,646,1393.0356600843
1584,5,18855,723,37924.672666558
1585,145,1018,96,7308.2617324516
1586,46,9139,683,9042.0443299851
1587,81,9185,282,8528.7615792367
1588,3,1397,421,7199.9933997601
1589,146,18233,665,11721.411669939
1590,105,15313,664,12244.610683505
1591,79,14079,699,8577.9113675787
1592,61,1995,634,25083.947936894
1593,37,8489,663,29059.93941201
1594,103,16704,727,24423.486490592
1595,18,21705,746,37529.790491078
1596,68,18517,614,21581.145364872
1597,132,20148,369,6631.5153434975
1598,79,19060,736,35374.978621997
1599,112,6926,413,21049.247781843
1600,93,10662,651,8108.3929886025
1601,146,2524,419,5106.005278536
1602,140,18833,719,31092.145781303
1603,47,10120,248,3805.2426759595
1604,101,11938,349,4654.9536660315
1605,131,17518,245,30496.083421829
1606,9,6553,633,33463.558012552
1607,102,8789,343,31899.284811937
1608,108,13422,476,32601.538468187
1609,45,23785,170,31605.693411345
1610,50,1825,122,9498.5439405369
1611,73,20604,704,16894.167426973
1612,4,11871,438,39243.061253456
1613,51,19046,416,19426.086805296
1614,3,19874,667,22783.488685603
1615,51,19708,695,7789.0905095878
1616,3,21891,303,37237.660763743
1617,123,1284,351,35239.812464096
1618,0,17003,727,103.30932148631
1619,74,2106,83,36271.039012591
1620,90,14395,613,20607.146022896
1621,40,24289,523,22000.055625
1622,70,13881,677,27966.364293633
1623,93,20047,477,24012.111005666
1624,30,10305,138,39294.147230984
1625,36,6524,440,2184.4524193392
1626,118,7887,407,17507.150745517
1627,58,9810,703,8225.1611731659
1628,111,19886,339,29160.160344105
1629,86,9660,90,24943.829459705
1630,16,2290,774,16643.222000511
1631,64,14334,584,9837.82100222
1632,46,21161,791,34133.904480483
1633,4,18008,663,34155.258252413
1634,71,11386,447,19488.94807597
1635,86,23430,755,9527.5497434301
1636,13,20369,688,8523.6017743197
1637,121,7995,114,25424.759857965
1638,16,7520,411,541.32796054326
1639,142,10877,245,31607.830443802
1640,87,16085,245,36614.083991077
1641,65,21256,389,22068.709882366
1642,50,15464,637,682.75344659434
1643,140,24452,392,2242.2426713206
1644,91,16925,355,7501.6962379469
1645,2,4730,158,35932.247119698
1646,138,4543,227,4159.3034417726
1647,52,15211,167,22868.852841228
1648,26,3745,532,17480.85092174
1649,60,2646,247,26558.817193582
1650,142,7376,795,3516.3990623049
1651,23,22846,147,13013.843593736
1652,102,14794,477,5782.7430137436
1653,104,2718,442,7570.8757008168
1654,74,17832,150,32007.839126944
1655,80,12991,385,31085.956260605
1656,16,1222,487,5426.1105353189
1657,67,14765,430,24408.009255566
1658,18,18278,763,34099.060781995
1659,39,21471,385,32188.61579239
1660,86,4567,83,8998.4395899669
1661,57,17995,538,37134.042148544
1662,6,6000,606,38840.033862391
1663,1,14302,375,19957.112156654
1664,47,11571,157,27243.534070334
1665,2,5756,609,29599.53121718
1666,21,11930,619,38097.232220097
1667,12,19820,266,3359.2224421438
1668,49,12832,729,15643.555214679
1669,80,15641,448,406.24177955775
1670,26,15895,280,23597.225852603
1671,46,7052,608,34325.713122567
1672,95,22881,738,4376.6839611154
1673,142,7013,721,36117.116455947
1674,118,18145,100,37568.139410423
1675,47,7942,485,7987.0772532348
1676,39,20138,598,29751.424126206
1677,118,4777,477,28600.85441515
1678,56,24710,421,31653.64583976
1679,54,8258,124,21028.414156577
1680,8,6377,253,12406.834710329
1681,76,2424,701,4584.5341490072
1682,87,15345,580,7169.6956441579
1683,99,11747,353,29205.223110997
1684,129,2490,640,1091.3598061999
1685,1,2103,525,10586.624777129
1686,70,7369,300,35220.227123242
1687,89,14569,559,9097.1696214101
1688,93,3044,456,24747.013607343
1689,82,7148,159,6790.9873864108
1690,51,9961,560,16207.357302465
1691,106,17188,446,23774.86239503
1692,43,1224,312,7693.368636763
1693,119,23017,353,1813.8094970791
1694,19,12930,790,29159.120924248
1695,134,16374,683,11917.99818667
1696,32,4778,645,6081.4375432893
1697,55,23995,533,4391.2142221688
1698,17,10594,595,10299.862597513
1699,79,14864,364,38039.588033603
1700,52,9489,790,9897.5839875658
1701,73,21213,436,9282.3918938588
1702,49,6461,537,16531.427132603
1703,104,9960,489,33194.666105962
1704,100,6583,97,33700.48916286
1705,38,2170,304,14280.815051224
1706,68,20455,457,5950.0489154482
1707,107,14580,463,30624.821934898
1708,4,8861,565,19013.777453085
1709,11,16084,420,35677.348255006
1710,70,7319,204,15890.646978136
1711,140,2395,416,4431.3537585321
1712,79,24448,236,3642.5848880985
1713,150,5344,184,27698.899478905
1714,28,14570,342,17505.08016674
1715,148,19219,347,20493.824518758
1716,16,17195,257,30306.243509688
1717,112,19469,549,10941.090976754
1718,29,8025,238,26464.439509379
1719,54,18568,192,35980.281892898
1720,10,21479,518,17891.669127352
1721,57,9872,618,1092.0951092788
1722,38,23116,505,37194.325711531
1723,120,3285,379,3442.4298182144
1724,78,4191,266,37516.128084632
1725,19,23806,580,21665.021456901
1726,23,4893,535,31603.294263215
1727,52,12333,273,31323.142523808
1728,21,8080,181,25722.721985927
1729,123,17710,654,33819.981483904
1730,32,19936,627,38552.957595596
1731,98,21076,657,10299.721819552
1732,71,14354,621,19948.901237858
1733,90,22984,219,9941.5999538944
1734,28,19545,658,39777.551852169
1735,13,5805,653,23398.953969642
1736,92,2816,156,18418.702456807
1737,12,11155,395,14841.3512511
1738,19,6217,224,575.28618284962
1739,9,4698,82,8045.9128507791
1740,99,5026,586,12594.941594691
1741,146,3198,623,31325.21548886
1742,104,10217,334,25025.307865231
1743,81,17501,414,19261.717526883
1744,42,18835,741,39638.622318049
1745,75,14638,444,31324.653628099
1746,145,5763,529,13024.553912975
1747,17,2024,242,27172.960946155
1748,139,22237,180,25515.340187051
1749,24,8275,628,9540.9776481862
1750,110,14347,416,9069.5758757361
1751,13,17370,354,10406.984798975
1752,43,8184,663,5634.7919998198
1753,60,14959,527,15902.291330808
1754,33,11985,243,31411.599627357
1755,116,14225,356,18695.258125681
1756,116,16154,575,28138.412098246
1757,110,15572,671,22223.618853456
1758,115,3590,566,1465.4486636553
1759,10,5078,508,1219.0059980086
1760,17,4883,238,2621.4342324203
1761,139,22868,781,20833.00148518
1762,11,3163,170,9145.8439468111
1763,42,18444,560,16195.744609937
1764,62,8151,693,35778.676483503
1765,0,14498,791,4564.6571062132
1766,134,6866,182,13837.217917115
1767,14,21886,771,32407.51322366
1768,74,15968,466,3928.6840771964
1769,28,17850,629,8178.6488469269
1770,87,17823,566,36138.200862093
1771,69,8307,262,36646.184317666
1772,43,12348,579,24042.207052722
1773,108,18870,688,19767.95781782
1774,115,13249,270,5187.8317351232
1775,120,14423,480,15396.101022671
1776,92,13133,309,28250.560125961
1777,74,22016,527,37545.069954084
1778,100,12613,730,18108.646984335
1779,98,8517,774,15230.742381975
1780,133,4126,437,16763.184647514
1781,113,23224,132,13398.533647487
1782,98,4691,518,22296.806526489
1783,144,23829,434,12644.691188651
1784,82,4538,439,26167.462547602
1785,18,9932,560,34740.095054188
1786,131,16021,559,16993.839552415
1787,51,8167,240,39212.472507719
1788,149,16831,538,29120.795596054
1789,143,15198,122,7127.9125809904
1790,53,24397,338,38306.225245862
1791,65,10200,154,38420.64151452
1792,59,17848,567,11622.292946629
1793,108,17282,353,15717.11487525
1794,31,18186,185,13753.056722344
1795,19,10023,666,10306.145933673
1796,29,4564,404,22323.849893655
1797,13,7080,217,1081.6171288796
1798,85,8492,254,9173.7023980122
1799,34,6665,128,7020.4647387016
1800,123,5045,635,28117.220979486
1801,75,9850,640,30361.18553598
1802,137,2340,516,15646.447131935
1803,92,15654,329,4572.7383904643
1804,0,6406,325,10480.336519967
1805,104,23207,197,28212.711947051
1806,86,15619,163,10657.076199432
1807,122,13578,655,8408.9004314225
1808,48,12142,549,30200.525662129
1809,59,4979,550,39130.447399239
1810,62,1736,591,38422.502243384
1811,35,1864,712,16389.168395861
1812,130,20328,357,27178.286228661
1813,63,11569,242,26439.474979199
1814,136,22980,381,3479.3393476768
1815,118,12800,691,38878.974346696
1816,114,4871,763,1859.8302416073
1817,89,19834,562,5591.2836561931
1818,98,20858,572,18051.096473553
1819,32,17986,383,30567.22172267
1820,6,8999,490,16215.262777762
1821,30,8492,110,3764.5638286161
1822,122,3312,294,525.10767725964
1823,106,16672,242,29478.61881641
1824,21,7794,752,14046.390611577
1825,124,17231,305,29704.061821995
1826,146,7770,596,34263.230544809
1827,69,11500,233,27372.13685512
1828,7,2065,469,6620.446103072
1829,27,23605,457,23464.114328732
1830,134,22192,473,31154.107255813
1831,67,23469,412,37392.306734021
1832,13,19731,785,14409.915062533
1833,119,6844,696,34816.248990689
1834,70,7036,213,29040.596726339
1835,127,3050,91,21651.76231796
1836,59,1189,588,21282.067999463
1837,39,1563,412,25498.376643586
1838,33,8861,774,12860.513219679
1839,116,11050,142,35525.860337335
1840,70,5476,657,31555.326092055
1841,134,8536,489,8535.5588217797
1842,70,19229,535,3937.918062132
1843,107,9001,399,14636.89297969
1844,132,17947,790,13699.161707012
1845,19,9498,613,7752.4899528402
1846,135,23492,162,37692.646201163
1847,115,23434,441,10797.016054547
1848,26,20222,186,20804.081772404
1849,50,19441,471,33757.686085736
1850,40,8181,627,21027.447818208
1851,53,17340,446,9489.1006493507
1852,19,2984,215,19667.38130781
1853,56,17282,257,11080.041677953
1854,117,10977,237,34690.113916656
1855,106,5888,199,33297.13981485
1856,132,12271,140,27372.262419246
1857,133,5726,309,20279.92377775
1858,39,4023,554,17808.591156733
1859,77,1163,570,7017.9692947084
1860,59,23930,697,29071.220897579
1861,69,10763,653,6733.019105935
1862,116,5362,217,14062.962645022
1863,45,18499,495,37750.573205171
1864,111,24625,766,3790.4425901321
1865,39,4877,534,24885.578911152
1866,47,18043,506,13994.904099556
1867,37,4613,150,9288.6140316403
1868,111,23283,605,19376.733394512
1869,4,19126,563,31460.865312047
1870,25,9296,779,22525.513699172
1871,32,6133,502,18614.71445095
1872,120,5520,623,14444.467031781
1873,62,7960,791,11497.4943676
1874,29,2470,320,1373.7936519745
1875,67,3825,672,4907.0882360848
1876,139,13025,597,11988.54679184
1877,97,5987,249,6351.2802211213
1878,51,3843,399,30291.877561555
1879,96,23893,104,7228.1498010748
1880,9,20064,549,30959.345412887
1881,38,7487,425,29321.45688795
1882,75,19605,697,32138.250539133
1883,7,14676,156,38354.832945107
1884,141,20372,304,26763.336915088
1885,136,10766,112,18861.724607163
1886,141,20817,738,23359.347360054
1887,27,6880,547,8075.6622338892
1888,146,6080,434,34452.720628636
1889,57,18036,682,1184.8536580536
1890,77,1132,348,2963.8498262232
1891,128,22462,566,26130.587748266
1892,98,15845,286,6909.9754626426
1893,24,10748,234,24720.200887445
1894,120,2453,784,9446.6098771373
1895,90,18006,677,28431.201638987
1896,146,24961,496,31082.968403788
1897,40,7449,490,14507.340568653
1898,75,6208,395,31524.648274029
1899,62,23583,676,12353.65200272
1900,121,17470,225,37137.742147797
1901,38,17655,385,19934.148796692
1902,126,16286,207,2222.3518799841
1903,31,8751,620,8704.8890810727
1904,144,16999,632,15539.881684921
1905,109,18459,576,32383.250157705
1906,46,12592,672,7330.4853452846
1907,80,9212,362,9813.5486392959
1908,128,15620,171,25571.225939375
1909,91,22178,128,16552.313071893
1910,143,7495,688,28384.527057148
1911,95,14207,483,32024.879540919
1912,65,8222,307,4936.9313584866
1913,131,7784,583,21764.618191764
1914,13,5991,417,37085.634972966
1915,63,24434,279,1275.9491861555
1916,77,15680,170,19998.57040641
1917,113,23124,204,14178.784964315
1918,3,11443,308,9219.4900879633
1919,30,6411,705,35750.947192752
1920,142,19748,723,23506.166219895
1921,28,1813,453,10802.924659603
1922,60,1212,748,4860.5435113323
1923,30,1158,148,38555.035321578
1924,56,19974,339,9494.5278884199
1925,82,9428,355,20752.377294954
1926,42,4662,745,22295.832503047
1927,74,18094,591,14822.139918826
1928,38,4223,426,28666.454128746
1929,60,12395,552,39644.885687867
1930,141,18708,542,26561.278135137
1931,57,9798,243,31835.752210462
1932,32,3573,605,23015.48285838
1933,102,4725,81,7045.935276004
1934,53,23898,774,14906.12748416
1935,112,11783,420,16699.304334945
1936,137,11632,313,26762.611428387
1937,6,21735,534,20161.53907538
1938,127,8139,128,8536.2285161024
1939,59,16562,120,30921.221779011
1940,144,18983,648,3693.3069499054
1941,14,5010,413,28445.54993784
1942,34,1727,689,3315.7549553249
1943,77,5944,84,28713.118874573
1944,112,1755,89,2296.7709570245
1945,124,5647,653,1775.4594222101
1946,75,2246,196,25577.191984479
1947,31,7254,739,3583.4172335511
1948,135,9471,430,24992.434968926
1949,10,12131,779,37433.164322074
1950,16,12907,291,11396.108688471
1951,127,12596,479,14224.10012561
1952,54,17845,354,20246.845442193
1953,97,5209,709,7500.9426193909
1954,60,1046,694,35083.174412036
1955,59,5953,211,17191.736922898
1956,11,18501,672,8127.2407943177
1957,115,4988,568,12792.307626086
1958,61,7506,130,6364.1809239458
1959,32,15289,435,37250.754013949
1960,64,4641,375,34841.573605029
1961,19,5973,150,34063.837136865
1962,57,24802,632,3678.4214835902
1963,16,22279,672,4893.8654291994
1964,53,3256,731,19135.786408021
1965,79,24786,654,31675.204392427
1966,34,16868,127,36387.092857005
1967,142,5874,309,25935.449806589
1968,100,16069,691,34895.980817584
1969,32,21268,446,1800.6971147065
1970,131,16872,652,17126.581178712
1971,37,4642,111,31479.914240479
1972,98,17758,359,372.48050199761
1973,96,12756,456,2233.507485841
1974,56,18703,174,18194.427584839
1975,3,11781,412,18251.705523125
1976,59,1095,363,33701.88651388
1977,12,22350,407,13937.052696894
1978,80,13807,216,17550.332865734
1979,86,14097,668,36332.423249836
1980,44,15799,245,24939.629109422
1981,5,3265,106,1979.1182994221
1982,15,3547,289,35043.952896856
1983,148,13921,496,21229.675227252
1984,33,17960,511,15588.901299678
1985,80,16905,278,33852.125300674
1986,58,1421,363,13044.712915619
1987,48,12854,518,23835.61775308
1988,94,12321,186,3118.2268864329
1989,53,5527,772,34271.043115883
1990,1,13781,170,2640.6145092515
1991,26,24858,694,30266.468803972
1992,117,2610,428,7649.8154019831
1993,77,8344,92,30633.670214623
1994,137,12818,229,15175.388768426
1995,142,7072,590,7865.682875579
1996,17,10279,164,21904.046336846
1997,114,20436,279,36600.87660814
1998,8,12624,470,27567.851125543
1999,132,15583,533,8664.7297261151
2000,130,13585,530,25176.80408471
